"FNAME";"MINIT";"LNAME";"SSN";"BDATE";"ADDRESS";"SEX";"SALARY";"SUPERSSN";"DNO"
"John";"B";"Smith";123456789;"09-JAN-55";"731 Fondren, Houston TX";"M";30000;333445555;5
"Alicia";"J";"Zelaya";999887777;"19-JUL-58";"3321 Castle, Spring, TX";"F";25000;987654321;4
"Jennifer";"S";"Wallace";987654321;"20-JUN-31";"291 Berry, Bellaire TX";"F";43000;888665555;4
"Ramesh";"K";"Narayan";666884444;"15-SEP-52";"975 Fire Oak, Humble, TX";"M";38000;333445555;5
"Joyce";"A";"English";453453453;"31-JUL-63";"5631 Rice, Houston, TX";"F";25000;33445555;5
"Ahmad";"V";"Jabbar";987987987;"29-MAR-59";"980 Dallas, Houston, TX";"M";25000;987654321;4
"James";"E";"Borg";888665555;"10-NOV-27";"450 Stone, Houston, TX";"M";55000;0;1
"Franklin";"T";"Wong";333445555;"08-DEC-45";"638 Voss, Houston, TX";"M";40000;866665555;5
